"User","ID","Nickname","@everyone","MemberList","wagumi","Server Booster","ServerStats","ÂíåÁµÑÔºàadminÔºâ"
"NAYU [Thirdverse]#1062","724862611300155394","","@everyone","","","","",""
"„Åü„Å§„ÅçÔºàTatsuki NakagawaÔºâ#3897","796285689926516737","","@everyone","","","","",""
"Scrypto#4382","712906443216519208","","@everyone","","","","",""
"shige.tak#8315","522406251968069634","","@everyone","","","","",""
"illshin#5270","915103706125590589","","@everyone","","","","",""
"ryuuu#5142","845992795322843146","","@everyone","","","","",""
"Giugiaro#2798","911158037593612308","","@everyone","","","","",""
"fujicd#7151","810001380755898419","","@everyone","","","","",""
"ikisuke#6480","258143158938894336","","@everyone","","","","",""
"„Åã„Å£„Åß„ÅÉ„Éº#9050","711189157959172112","","@everyone","","","","",""
"Kanrojitsuuka#8217","818668100601643051","","@everyone","","","","",""
"TAD#9786","915206411993088001","","@everyone","","","","",""
"molche#8299","408058535709245441","","@everyone","","","","",""
"smny#3253","524985191102414848","","@everyone","","","","",""
"emoyasu81#7450","915256224176566292","","@everyone","","","","",""
"hiro22#0611","915152001480949761","","@everyone","","","","",""
"yuuki_I-MSV0#2038","424895513314328576","","@everyone","","","","",""
"naka#5739","340542548722450442","","@everyone","","","","",""
"shinichiro kinjo#0735","209242057460547584","","@everyone","","","","",""
"kt#3834","593369596178857995","","@everyone","","","","",""
"kohei0823#3332","360776053918007296","","@everyone","","","","",""
"taz717#3480","915119503514423326","","@everyone","","","","",""
"katsuhisa#8726","280952528378527744","","@everyone","","","","",""
"SamSam#3140","712541631546392586","","@everyone","","","","",""
"Shunsuke Morii#3473","906005523495800916","","@everyone","","","","",""
"tapioka#6208","748549374648516639","","@everyone","","","","",""
"„Åë„Çì„Åô„ÅÜ#5394","517690105037586462","","@everyone","","","","",""
"omneky#2194","742581724193620028","","@everyone","","","","",""
"matsushita#0945","496960775139753987","","@everyone","","","","",""
"sitika#7227","679890999098605588","","@everyone","","","","",""
"„Çä„Å£„Å§#7624","398784693019082752","","@everyone","","","","",""
"‰ºäËó§ÈôΩÂπ≥#6914","909471510161391646","","@everyone","","","","",""
"Yusuke ü¶áüîä| Fracton Ventures#8309","912892177556865025","","@everyone","","","","",""
"„ÅÇ„Çì„Å©„ÅÜ#1519","748476270467350539","","@everyone","","","","",""
"Uncle TM | üáØüáµ#8634","574290822955139072","","@everyone","","","","",""
"ProjectAmaterasu#6705","429985838508802059","","@everyone","","","","",""
"sonetto#7604","915189888033366026","","@everyone","","","","",""
"AyaNico27#9331","800760039387693088","","@everyone","","","","",""
"jun.igami#5602","915114688591843339","jun.igami/„ÅÑ„Åå„Åò„ÇÖ„Çì","@everyone","","","","",""
"Â§™ÈôΩ#7285","884377781323055105","","@everyone","","","","",""
"Hayato#0519","608811460482564106","","@everyone","","","","",""
"sasukeDC#7421","464413292601802765","","@everyone","","","","",""
"KenChan(Kentaro)#5331","461125467311833108","","@everyone","","","","",""
"skw#4102","808213991880785933","","@everyone","","","","",""
"YOICHI GOTO#6019","915126606593396806","","@everyone","","","","",""
"bibitto#7849","865038360245305345","","@everyone","","","","",""
"Ryo Hirakawa#4912","521632668572712960","","@everyone","","","","",""
"Naoya#2718","695253703690813445","","@everyone","","","","",""
"Shunsuke Yatsui#1279","828199766475014185","hachi","@everyone","","","","",""
"yosutebito_CCA#0785","854592109243531274","","@everyone","","","","",""
"aquo#3824","901837928618151976","","@everyone","","","","",""
"masato#4831","887111475737554994","","@everyone","","","","",""
"aki-ro#1481","721697756640575519","","@everyone","","","","",""
"tadiee#4129","823880089275858974","","@everyone","","","","",""
"mogwai#6961","389767128938709005","","@everyone","","","","",""
"shu#2218","475579944160854016","","@everyone","","","","",""
"uki#4098","841601554842255381","","@everyone","","","","",""
"tomoya#6517","842467746460467200","","@everyone","","","","",""
"hash#8170","312997221417222144","","@everyone","","","","",""
"ayuki#6243","872247537397010474","","@everyone","","","","",""
"yiskw#0425","915133152693981184","","@everyone","","","","",""
"Amanda Kanai#0891","535410637015220239","","@everyone","","","","",""
"takeshi#5741","340699948620185602","","@everyone","","","","",""
"bo#4867","799816238410760212","","@everyone","","","","",""
"Homeless-Mash#5973","915246665819107339","","@everyone","","","","",""
"„Åó„Å†„ÇÇ„Çì#8539","391239668731084800","","@everyone","","","","",""
"TK874#7790","390053505248919557","","@everyone","","","","",""
"takumi#3343","659028509368385537","","@everyone","","","","",""
"hiroyuki#4594","398675832106909696","","@everyone","","","","",""
"yuto_ohirune#0451","522058445713702924","","@everyone","","","","",""
"kepo#2458","915117624248119307","","@everyone","","","","",""
"n10a#9079","915126893211168789","","@everyone","","","","",""
"darknist#8888","246611015091879938","","@everyone","","","","",""
"„Åä„Åô„Åø#7326","751694162843271179","„Åä„Åô„ÅøÔºàinxR / Sumina KoisoÔºâ","@everyone","","","","",""
"tsuooooo#4659","808987934476206112","","@everyone","","","","",""
"NITO#3656","861770161920278548","","@everyone","","","","",""
"aki221#3917","915079978725572719","","@everyone","","","","",""
"shumpei#6733","438034775723343873","","@everyone","","","","",""
"stvjbz#0942","382167257570082819","","@everyone","","","","",""
"ruruka#8289","476866940665856000","Nao","@everyone","","","","",""
"Yuto#9352","851426060167151656","","@everyone","","","","",""
"„ÇØ„É©„Ç´„Ç∫#2558","915086949658812437","","@everyone","","","","",""
"kajikent#7383","423361418545332225","","@everyone","","","","",""
"kei#7069","407104614547193867","","@everyone","","","","",""
"shureo#0987","326306688288423937","","@everyone","","","","",""
"usuihayate#1977","915085590117093417","","@everyone","","","","",""
"tak#7199","847097687257907200","","@everyone","","","","",""
"„Éà„Éû„ÉàÂ•Ω„Åç#3608","696873361837523064","","@everyone","","","","",""
"lix#3200","716838825229549579","","@everyone","","","","",""
"Hiro#2158","232855848660107265","","@everyone","","","","",""
"satouo#2196","719476939764531283","","@everyone","","","","",""
"Yuji | Akatsuki#4489","443331331389259776","","@everyone","","","","",""
"RK#5159","903563048550285362","","@everyone","","","","",""
"rikika#5777","451667201867644938","","@everyone","","","","",""
"„Å®„Å®#3805","862239004162392085","","@everyone","","","","",""
"„Åæ„Å£„Å§„Éº#4520","915148308052328468","","@everyone","","","","",""
"KAKA#1626","783616578444984330","","@everyone","","","","",""
"Chishiki#5199","915089496003973130","","@everyone","","","","",""
"Keshi#3667","879343913905836033","","@everyone","","","","",""
"kurosaki#4192","474794584333877269","","@everyone","","","","",""
"Ryo#0416","743151811602677822","","@everyone","","","","",""
"„Å°„ÅÇ„Åç#6377","819030478258569266","","@everyone","","","","",""
"tanigox#4283","86608104141131776","","@everyone","","","","",""
"Viri Nakae#9189","727918369793376387","","@everyone","","","","",""
"Shinya#4978","915421207489286165","","@everyone","","","","",""
"nszknao#9511","464444731292909569","","@everyone","","","","",""
"takezo#8864","799858190170193970","","@everyone","","","","",""
"koji#3959","541700722195169280","","@everyone","","","","",""
"rayray_py#9650","409196589106593803","","@everyone","","","","",""
"dino06#6289","915108686798663710","","@everyone","","","","",""
"ykatou#7355","418746713004572684","","@everyone","","","","",""
"ken122ha#3706","915327190541955072","","@everyone","","","","",""
"nakaji#8229","373881592051007489","","@everyone","","","","",""
"ken | InsureDAO#6086","900711155939565579","","@everyone","","","","",""
"King_KAZU#0765","731869483282726943","","@everyone","","","","",""
"Tetsuro#2201","710633546171023420","","@everyone","","","","",""
"tsuchizoo#4967","915156665962233916","","@everyone","","","","",""
"ruby-scw#0218","897808981270097952","","@everyone","","","","",""
"wataru#9100","915124398552416286","","@everyone","","","","",""
"Yasuhiro Yokota#4935","715139318871490592","","@everyone","","","","",""
"SHT#1443","397316945789059072","","@everyone","","","","",""
"ÊòéÊó•„ÅØÈõ®#1302","475679655542652928","","@everyone","","","","",""
"satofumi#1456","722766550016327712","","@everyone","","","","",""
"fuku#2655","914518647488262204","","@everyone","","","","",""
"yuta kimura gmba#2096","915108023473680394","","@everyone","","","","",""
"MC Elizabeth#6565","771306827689623553","","@everyone","","","","",""
"amito#5300","908945290378240048","","@everyone","","","","",""
"Takuma#0287","554305300031602698","","@everyone","","","","",""
"„Åà„ÅÑ„Åü„Çç„ÅÜüíéüêü#3280","843718280392998923","","@everyone","","","","",""
"Ninja_adventure#2419","892678191611793438","","@everyone","","","","",""
"kazu#9049","915217496544514049","","@everyone","","","","",""
"annie#2513","366471876161306635","","@everyone","","","","",""
"shun_k#0146","403127956014235649","","@everyone","","","","",""
"Shntr#9537","455717539927031818","","@everyone","","","","",""
"seinya#7130","915100597324238859","","@everyone","","","","",""
"Robota#8697","847483686886178896","","@everyone","","","","",""
"HIRO#5470","466415903547064330","","@everyone","","","","",""
"MarieOtakiüá®üá¶#4242","804114641323687948","","@everyone","","","","",""
"kaz#4585","714692799840256050","","@everyone","","","","",""
"sawa#6912","915221179579629599","","@everyone","","","","",""
"Shota MorikawaÔΩúKakekomu#4468","709220157536469074","","@everyone","","","","",""
"hayato#2020","797630683295121419","","@everyone","","","","",""
"motoki#8476","467123261952622603","","@everyone","","","","",""
"nyako#5195","584701493806891018","","@everyone","","","","",""
"bit2billion#9552","373035732589215754","","@everyone","","","","",""
"salmon/„Åï„Éº„ÇÇ„Çì#0390","534025385176989706","Kento (salmon)| Fracton Ventures","@everyone","","","","",""
"ynynyn#1859","390389725988651008","","@everyone","","","","",""
"Toshiki Abe#8094","716880275891683388","","@everyone","","","","",""
"yutaka#5503","915376157606699068","","@everyone","","","","",""
"rofu#5526","394361797953454080","","@everyone","","","","",""
"nakaji minami tomoyuki#2185","798438377464266773","","@everyone","","","","",""
"appman#5963","465004699620474891","","@everyone","","","","",""
"Reika#7696","861139488176734228","","@everyone","","","","",""
"nao#3980","415512602232487956","","@everyone","","","","",""
"OI#6842","742235176452751410","","@everyone","","","","",""
"sae#9419","915086611409154069","","@everyone","","","","",""
"üé†ÂõûËª¢Êú®È¶¨üé†#5203","711203204997578752","","@everyone","","","","",""
"kenman#0167","559399430332350464","","@everyone","","","","",""
"syun#3289","778224297235316768","","@everyone","","","","",""
"Keter#2754","787194803191283763","","@everyone","","","","",""
"Saru#6493","730243382676291634","","@everyone","","","","",""
"Kento.Oki#2142","762636932655480844","","@everyone","","","","",""
"hhatto#8206","370137621692940292","","@everyone","","","","",""
"Kazuki#3270","847934878011752509","","@everyone","","","","",""
"Hiromitsu#6488","915142233857089546","","@everyone","","","","",""
"bun5k#3351","390510629519228938","","@everyone","","","","",""
"norio0925#8804","346224211901284352","","@everyone","","","","",""
"STK#8819","701089031991066645","","@everyone","","","","",""
"chai#0370","783531310677360660","","@everyone","","","","",""
"yossy#7089","399440397350207489","","@everyone","","","","",""
"m-tdn#3700","864849265925685268","","@everyone","","","","",""
"Mahito#7777","719876326458392659","","@everyone","","","","",""
"MOW#3367","519077824674398209","","@everyone","","","","",""
"„Éì„Éã„Éº„É´#5850","392621019178729473","","@everyone","","","","",""
"twdsk7#7930","692387601478582363","","@everyone","","","","",""
"ponpoko#3324","834149276652273674","","@everyone","","","","",""
"Sakutaro#3616","372011296645840896","","@everyone","","","","",""
"toufu#6841","522247985321607169","","@everyone","","","","",""
"Sakugetu#4449","377267820611764244","","@everyone","","","","",""
"„Åã„Åæ„Å†#4311","915109035852853279","","@everyone","","","","",""
"hash#2867","915084431419658292","","@everyone","","","","",""
"tamuken#7963","392172597346959360","","@everyone","","","","",""
"„ÅØ„Çì„Åñ„Çè#5259","765281256094171166","","@everyone","","","","",""
"gittaku#6091","797002748847194132","","@everyone","","","","",""
"Yuki Torii#8320","911447312310611978","","@everyone","","","","",""
"taiyaki#0475","790556667267907585","","@everyone","","","","",""
"takhaya#0478","915389919654981673","","@everyone","","","","",""
"latte#2976","608808360703426582","","@everyone","","","","",""
"chomo#0922","853868916002521119","","@everyone","","","","",""
"Motoki#5208","542932468718895104","","@everyone","","","","",""
"runaI-L38E1#3806","851848438165143583","","@everyone","","","","",""
"koki#3835","818864002317942804","","@everyone","","","","",""
"Ryo#3821","518607159634952192","","@everyone","","","","",""
"Mr. Entrance#8358","289828046641430528","daicky777","@everyone","","","","",""
"nomore#3826","248076975418245131","","@everyone","","","","",""
"syogo#6729","464986756958126081","","@everyone","","","","",""
"Shingo#7888","908322778699157515","","@everyone","","","","",""
"syudo#1769","278510566975209473","","@everyone","","","","",""
"Uenoyama#6581","683662959901540362","","@everyone","","","","",""
"Hideo#7812","786887139115794452","","@everyone","","","","",""
"ugnk#2552","908216639730896936","","@everyone","","","","",""
"yosit28#7353","464726237269458944","","@everyone","","","","",""
"Kei#2632","915106262478372894","","@everyone","","","","",""
"„ÉÜ„É©„Éá„Ç∂„Ç§„É≥„ÄÄÂ∞èÂÆÆÂ±±#4525","532131188350124033","","@everyone","","","","",""
"Yusuke Tanaka#8613","779789414880510002","","@everyone","","","","","ÂíåÁµÑÔºàadminÔºâ"
"ry#8376","915200111271895070","","@everyone","","","","",""
"ryokado#8810","644396736214859831","","@everyone","","","","",""
"delamtt28#9039","694805211721498705","","@everyone","","","","",""
"minmin#2830","902719975347847249","","@everyone","","","","",""
"torii#2638","293624883966115841","","@everyone","","","","",""
"Sota#5607","915050919471763467","","@everyone","","","","",""
"daisuke#5757","774369920917307412","","@everyone","","","","",""
"hbtcmeth#9406","895630401744298035","","@everyone","","","","",""
"KMC#8176","513021842638766081","","@everyone","","","","",""
"sarukun99#2173","685358855613579321","","@everyone","","","","",""
"nambatoshi#5321","804187612801794068","","@everyone","","","","",""
"takumi#1401","443590073708183553","","@everyone","","","","",""
"„Å∂„Çà„Çì#9705","497954870654009354","","@everyone","","","","",""
"Takashi-Andy12#9448","868657833741275176","","@everyone","","","","",""
"projectocean#3980","915088194595332118","","@everyone","","","","",""
"12fizz#4332","290126566565085184","Noritaka Okabe","@everyone","","","","",""
"Áâõ„Å†„Å£„Åü„Çè„Å£„Åó„Çá„ÅÑ„Å°„ÇÉ„Çì#9412","804131615528845322","","@everyone","","","","",""
"kxxx129#4570","884653114316181544","","@everyone","","","","",""
"yuko#9510","915112860240203786","","@everyone","","","","",""
"kenji#6895","915031284840009739","","@everyone","","","","",""
"„ÅÆ„ÅÆ#4188","712850785909735484","","@everyone","","","","",""
"hirohiro#7340","398257928269725723","","@everyone","","","","",""
"gamebook#2309","857845634220818473","","@everyone","","","","",""
"Rie#2032","799885925638471700","","@everyone","","","","",""
"nobuyoshi24#4185","700647300090822706","","@everyone","","","","",""
"yasakatsu#3918","893122069456359474","","@everyone","","","","",""
"siomisochain#8942","438135866821705728","","@everyone","","","","",""
"nobu#7694","333269400025169921","","@everyone","","","","",""
"hirosh#8063","805738186025205801","","@everyone","","","","",""
"naoki_akazawa#8560","602382485321678868","Naoki | Fracton Ventures ü¶áüîä","@everyone","","","","","ÂíåÁµÑÔºàadminÔºâ"
"patyeek(yuta)#9915","612134750697816084","","@everyone","","","","",""
"Furu#6861","915146963014541362","","@everyone","","","","",""
"asanon#8550","915103880587669576","","@everyone","","","","",""
"OTAMA#4275","824448118497083464","","@everyone","","","","",""
"Olohana-maru#6452","894006513247596584","","@everyone","","","","",""
"„Åß„Çì„Å±„Åè„Çì#0531","329453660205481994","","@everyone","","","","",""
"T.T.#5619","915097379538104330","","@everyone","","","","",""
"kawa#4257","396212679037157388","","@everyone","","","","",""
"teruki#5679","317484117669314560","","@everyone","","","","",""
"Franky Frank#1161","915110436578410496","","@everyone","","","","",""
"„Éç„Ç≥„É≥„Ç∏„Éß#2749","915132870442500136","","@everyone","","","","",""
"momotan#8467","528528108064735232","","@everyone","","","","",""
"taka#8941","915418287645552762","","@everyone","","","","",""
"h8212#4045","362450596139106304","","@everyone","","","","",""
"ddjd#3229","389687129023709184","","@everyone","","","","",""
"hazebayashi#8785","791495373864435742","","@everyone","","","","",""
"irooki#7092","827056970003513344","","@everyone","","","","",""
"toto_#8965","907216691874897970","","@everyone","","","","",""
"„Åò„Çç#7560","915226465614852157","","@everyone","","","","",""
"shazzzzza#3083","820183801212043284","","@everyone","","","","",""
"Masao#8666","915087621447905281","","@everyone","","","","",""
"KenShiba#9228","877498036534800405","","@everyone","","","","",""
"Paleo_boy#4405","757526922606542888","","@everyone","","","","",""
"OSUMI#5707","896335881621876756","","@everyone","","","","",""
"oxzoxz#0927","437571023060074501","","@everyone","","","","",""
"TH#2363","796699510180806656","","@everyone","","","","",""
"nemribuka#4384","898441381910020148","","@everyone","","","","",""
"shogo#9831","421332819323912192","","@everyone","","","","",""
"kazuya#6689","815869644924780575","","@everyone","","","","",""
"„Éí„É≠„Éâ„É™„É©„Éº#8004","910613910980284436","","@everyone","","","","",""
"stsgs#6944","804119550094344193","","@everyone","","","","",""
"Masato Otake#5033","403023347119816705","","@everyone","","","","",""
"„Éå„ÉÉ„Ç≥#0496","838809861696651305","","@everyone","","","","",""
"Da-#4876","401890665744695306","","@everyone","","","","",""
"TakashiF#1434","702361252122460171","","@everyone","","","","",""
"s_d_k#2333","697250516098482236","","@everyone","","","","",""
"hisa#9494","425239892650622976","","@everyone","","","","",""
"cryptoradio#4263","402039579084849155","","@everyone","","","","",""
"takac_radcliffe#1038","440844043325407243","","@everyone","","","","",""
"Michael1200#3202","702476871295827979","","@everyone","","","","",""
"aki_taka#9654","860671301567643649","","@everyone","","","","",""
"Chloe_Takahashi#0968","910750503049248788","","@everyone","","","","",""
"kan#6234","905013651398852608","","@everyone","","","","",""
"T-ERA#2211","722834812779364405","","@everyone","","","","",""
"Keisuke Umegaki#8823","785638628742660106","","@everyone","","","","",""
"gotama#1638","839145088302710807","","@everyone","","","","",""
"hiroki.kudo#9123","711777913221021767","","@everyone","","","","",""
"Â§™ÈÉé#8856","770522672303308800","","@everyone","","","","",""
"Komorebi88#0097","882011008015675432","","@everyone","","","","",""
"Mr.BlueSky#3607","911462102412189767","","@everyone","","","","",""
"ikedon#1830","801304709083299860","","@everyone","","","","",""
"moti#7239","790223854072233984","","@everyone","","","","",""
"hiro531#1909","915146083317993492","","@everyone","","","","",""
"mamedai#2784","532899902020124672","","@everyone","","","","",""
"shunkakinoki#3333","488389192775106561","Shun Kakinoki","@everyone","","","Server Booster","","ÂíåÁµÑÔºàadminÔºâ"
"akix#9786","850360364629622857","","@everyone","","","","",""
"Kazu3#5787","915154397170896957","","@everyone","","","","",""
"naoya_cn#9645","392292098843344907","","@everyone","","","","",""
"r2#8566","894215146833084426","","@everyone","","","","",""
"Datz#4474","884543303784202252","","@everyone","","","","",""
"katsu36#4842","915275672308551720","","@everyone","","","","",""
"piroshki#1249","788690667420778526","","@everyone","","","","",""
"„Åê„Çã„Åê„Çã„Åô„Åö„Åç#2051","915194649935745024","","@everyone","","","","",""
"asaeda#8259","296257892938678272","","@everyone","","","","",""
"Takn_7#1708","912870201857544242","","@everyone","","","","",""
"ocho#7642","797984164006985748","","@everyone","","","","",""
"„Éõ„É™„Çª„Ç§#1682","772462968326586389","","@everyone","","","","",""
"mmscam#8452","830590481506500638","","@everyone","","","","",""
"Bourbon47#7215","487663174489866251","","@everyone","","","","",""
"good sleepzzzzz#8601","520633042075648003","","@everyone","","","","",""
"„ÉÅ„É´„ÉÅ„É´#5225","628398460420227112","","@everyone","","","","",""
"Kazuhiro Obara#4627","523368497473126400","","@everyone","","","","",""
"yoshimo#3447","406400462133395457","","@everyone","","","","",""
"kantaro.eth | The Hoodie Crew#4407","887538546456535102","","@everyone","","","","",""
"yo-shun#9454","612818848449822720","","@everyone","","","","",""
"JS#7804","575077375121817600","","@everyone","","","","",""
"Amante de Crypto#4660","910508858680696842","","@everyone","","","","",""
"kskw#4913","884750920171278357","","@everyone","","","","",""
"ykomada#1276","879210771136020483","","@everyone","","","","",""
"Yuta#9276","911930016353374280","","@everyone","","","","",""
"Jun#4769","697610840345673799","","@everyone","","","","",""
"Toshi#8948","715802321337974836","","@everyone","","","","",""
"ÁæΩËó§#3774","796608245845327903","","@everyone","","","","",""
"Hitotch#0678","239503025197154306","","@everyone","","","","",""
"mune#0772","626026187105501184","","@everyone","","","","",""
"Sizzka#5979","886408191305474058","","@everyone","","","","",""
"KOJI TSUKADA#1443","915127893145841725","","@everyone","","","","",""
"naoyanickf#3873","741649779217662014","","@everyone","","","","",""
"masaki#9197","704985126093848686","","@everyone","","","","",""
"crp8ki#1264","902215743150637097","","@everyone","","","","",""
"yosuke#5826","914742706503295026","","@everyone","","","","",""
"hirano#5326","647708172592742400","","@everyone","","","","",""
"1a#6061","446860315766947860","","@everyone","","","","",""
"mocchicc#8759","700613588880064522","","@everyone","","","","",""
"„ÅÆ„Åæ„ÇÅ#4507","589626864780443648","","@everyone","","","","",""
"CGH#1527","874570907396489247","","@everyone","","","","",""
"shimo#0701","810970412913262662","","@everyone","","","","",""
"kiyo#3490","125422627715022848","Kiyo","@everyone","","","Server Booster","","ÂíåÁµÑÔºàadminÔºâ"
"acro#2347","396996113724473344","","@everyone","","","","",""
"Ryoga#5811","878247205994106893","","@everyone","","","","",""
"NOV#6642","915103952100532285","","@everyone","","","","",""
"anagoman#3061","866500950596648990","","@everyone","","","","",""
"hayashi#2591","714810336536035349","","@everyone","","","","",""
"kenji#5675","743701954995421246","","@everyone","","","","",""
"K_kuma#4722","884803272282628137","","@everyone","","","","",""
"Shoji#8308","862861544903933972","","@everyone","","","","",""
"miyake#2468","389580727722967055","","@everyone","","","","",""
"Morisoto#4676","469274495652200448","","@everyone","","","","",""
"h0z8#3733","826959413176172545","","@everyone","","","","",""
"marpore#4191","198435474874826753","","@everyone","","","","",""
"meidlin#4594","305558149107154946","","@everyone","","","","",""
"goldenandsons#8627","709948882158616576","","@everyone","","","","",""
"ken0nek#3037","293665198248689665","","@everyone","","","","",""
"oji3.eth#4651","900651757275873360","","@everyone","","","","",""
"‰∏≠ÈáéÈæçÂæÅ#8511","781056294169477121","","@everyone","","","","",""
"yakky#4164","594112798284447765","","@everyone","","","","",""
"„Åô„Åå„Åë„Çì#6307","915109184117309450","","@everyone","","","","",""
"shinobu_shiva#8408","686386440120041570","","@everyone","","","","",""
"„Åø„Å§„Åä0707#6440","860926443408064512","","@everyone","","","","",""
"hiroo#2365","914944092205641769","","@everyone","","","","",""
"Engineerforce / iida yoshiaki#3911","854893677506592796","","@everyone","","","","",""
"kal#6367","826501942259613736","","@everyone","","","","",""
"mirai#4619","434981991939833866","","@everyone","","","","",""
"kohei.eth#5153","759150245245878272","","@everyone","","","","","ÂíåÁµÑÔºàadminÔºâ"
"„ÅΩ„Çì#6942","398469883202895872","","@everyone","","","","",""
"miyagaway#8406","915387601047941200","","@everyone","","","","",""
"ntotsuka#2131","840539728931848203","","@everyone","","","","",""
"„ÅÑ„Å®„Éº#5182","797418646606970880","","@everyone","","","","",""
"shn#9998","697326020469981264","","@everyone","","","","",""
"shung11260#5508","607122500048125972","","@everyone","","","","",""
"kaz#0103","767841095253229568","","@everyone","","","","",""
"Yusuke#3863","820470448584130571","","@everyone","","","","",""
"quvo#5234","914725549396594780","","@everyone","","","","",""
"MORi#4606","732965708060688414","Shinyaü¶áüîä| Fracton Ventures","@everyone","","","","",""
"puchan#7784","796994014309515294","","@everyone","","","","",""
"kiii-to#0505","539458801548394508","xyz","@everyone","","","","",""
"lup511115n#1991","915149243516350495","","@everyone","","","","",""
"„Åü„ÅÑ„Åõ„ÅÑ#0984","801946468868292618","","@everyone","","","","",""
"Syo#2276","882759567585472615","","@everyone","","","","",""
"tmgn#0006","359038435790553100","","@everyone","","","","",""
"shii#5447","525312309053095936","","@everyone","","","","",""
"yankumi#0627","915141288356118578","","@everyone","","","","",""
"GGsamurai#5748","893511102187593748","","@everyone","","","","",""
"sakataku#5962","915108953938100265","","@everyone","","","","",""
"yuyokoi#0913","456274652637954049","","@everyone","","","","",""
"jiyu#0511","430583203242442752","","@everyone","","","","",""
"MIHO#7143","852880454117359636","","@everyone","","","","",""
"yus.yama#1427","915109148591538176","","@everyone","","","","",""
"craftbeer#4413","465451231037489162","","@everyone","","","","",""
"Ekusiad#1597","839845912243208202","","@everyone","","","","",""
"hiro-hamada#8561","797698950182338571","","@everyone","","","","",""
"Pyosik#2974","418382279640088586","","@everyone","","","","",""
"Chigusa#7291","896298737658380329","","@everyone","","","","",""
"okokbytheway#4907","767966830794244136","","@everyone","","","","",""
"maeda.yota#4624","695634883976101890","","@everyone","","","","",""
"kK#6522","352091323861303297","","@everyone","","","","",""
"Shoma-M#6936","283094151875002370","","@everyone","","","","",""
"ao#4768","398415071757467668","","@everyone","","","","",""
"keikumata#7130","516593130263543809","","@everyone","","","","",""
"YukiJP#9542","365413105058054144","","@everyone","","","","",""
"brad0121#3534","915260269549191218","","@everyone","","","","",""
"rn#2577","425716778908516363","","@everyone","","","","",""
"Sonody#9098","915375979399114814","","@everyone","","","","",""
"rykrjp#4669","750559189360967835","","@everyone","","","","",""
"„Çπ„É≠„Éã„Ç±#1331","709304425755443201","","@everyone","","","","",""
"kenji-special#9742","533454601047769088","","@everyone","","","","",""
"yoshifuji#0011","915126187804733440","","@everyone","","","","",""
"„É¶„Ç¶„Ç¥#8143","752973180355739838","","@everyone","","","","",""
"suma9#0493","764763775961530398","","@everyone","","","","",""
"„Çâ„Çì#7377","782259947567054879","","@everyone","","","","",""
"Kengo#3181","652347516225978388","","@everyone","","","","",""
"ÊûóËà™Â§ß#5541","811379078417612821","","@everyone","","","","",""
"Rengoku saaaaan#7400","708548659544850483","","@everyone","","","","",""
"btczzz#6864","813586426871808001","","@everyone","","","","",""
"crypto_natsu#4225","884089573146230834","","@everyone","","","","",""
"pppppp#6365","780065134047264778","","@everyone","","","","",""
"„Çà„Åó#7165","915165425975840828","","@everyone","","","","",""
"ShoG#1008","840988033469513818","","@everyone","","","","",""
"tÕõoÕõrÕõaÕõhÕõiÕõkÕõoÕõsÕõhÕõiÕõnÕõoÕõdÕõaÕõ#2501","248643058449645569","","@everyone","","","","",""
"„Åà„Çì„Åæ„ÅÑ#0064","814473052204433428","","@everyone","","","","",""
"Matt_Dave#4518","451945411498999827","zkroller","@everyone","","","","",""
"gyan#5734","786767424703037471","","@everyone","","","","",""
"rice_shower#7483","392814486727163904","","@everyone","","","","",""
"musickaz#7237","797647000744624148","","@everyone","","","","",""
"„ÅÇ„Åç„Åæ„Åï#5098","701609947066138645","","@everyone","","","","",""
"bangsangVR#3170","688931911477100612","","@everyone","","","","",""
"fumi66#4055","403694571143430146","","@everyone","","","","",""
"wataru#5040","671809856067469355","","@everyone","","","","",""
"keroro#9978","882576096153972806","","@everyone","","","","",""
"Katsu#3164","680440596514603012","","@everyone","","","","",""
"ÈªíÊØõÈÅîÁ£®#1346","746236567634575492","","@everyone","","","","",""
"„Ç§„ÉÉ„Éå feat.„Çµ„É≥„Ç∞„É©„Çπ#1582","457532795917565972","","@everyone","","","","",""
"shuyuy#3865","685020932997513284","","@everyone","","","","",""
"goropachi#7907","804553883745648640","","@everyone","","","","",""
"Yuhong#0927","744571315029278761","","@everyone","","","","",""
"yamamoto#0893","472343117190660096","","@everyone","","","","",""
"yuki#9124","378139282965266435","","@everyone","","","","",""
"Kei Oka#2126","308647272902688779","","@everyone","","","","",""
"‰∏≠ÈáåÁ•êÊ¨°#0019","418360772880629772","","@everyone","","","","",""
"Naoyoshi#1611","915083506512707594","","@everyone","","","","",""
"„Åä„Åè„Åó„ÅÑ¬Æ#7760","692615789877919826","","@everyone","","","","",""
"Taichi Asami#3026","802832362190274590","","@everyone","","","","",""
"jpdonnovan#5954","825652845520879617","","@everyone","","","","",""
"Kyo_k#3102","909106785644855377","","@everyone","","","","",""
"Yuber#6944","828272376935481364","","@everyone","","","","",""
"toshiyoshimura#9186","915145083161026600","","@everyone","","","","",""
"„Ç∏„É£„É≥#5058","878139216641527829","","@everyone","","","","",""
"pincponic#3368","915230196016242729","","@everyone","","","","",""
"Inagawa takafumi#6363","537925460290699292","","@everyone","","","","",""
"Trapped Jelly#3541","738297590902161439","","@everyone","","","","",""
"ayah1181#7535","897922647361462352","","@everyone","","","","",""
"RIC#6977","831068745090859028","","@everyone","","","","",""
"kg_yt7#1360","915086247003820032","","@everyone","","","","",""
"kg#0709","808522484545749042","kz","@everyone","","","","",""
"nickkkk#0260","909065653430935583","","@everyone","","","","",""
"toto007#3319","354064099623305218","","@everyone","","","","",""
"fujibee#0644","346027307049156608","","@everyone","","","","",""
"yamapyblack#0061","547481664528318485","","@everyone","","","","",""
"kan#6810","915413967436931073","","@everyone","","","","",""
"MasaJP#6958","419889786527023105","","@everyone","","","","",""
"Â≤°Â≥∂#3288","910790462657421403","","@everyone","","","","",""
"LOVELYSONNY#2072","786945020467871745","","@everyone","","","","",""
"yattane#5412","824550751945621504","","@everyone","","","","",""
"monzou#0051","893486190626492496","","@everyone","","","","",""
"c4m#4332","837954596180852736","","@everyone","","","","",""
"GORO#6877","910735135270391828","","@everyone","","","","",""
"pika#5241","429782010622377995","","@everyone","","","","",""
"„Éö„É≥„ÇÆ„É≥üî∞#9442","842320640718405634","","@everyone","","","","",""
"masamoch#6249","915337724838420480","","@everyone","","","","",""
"kazooki(lv40,40,40)#0920","339093528040833055","","@everyone","","","","",""
"masa#9314","915092018500345896","","@everyone","","","","",""
"„ÅÆ„Å∂#8384","601058744700239873","","@everyone","","","","",""
"lapget#1325","873833049836630057","","@everyone","","","","",""
"jessVerse#1901","635744458947952640","","@everyone","","","","",""
"yamaton#7245","781820909400752158","","@everyone","","","","",""
"tosiiu#9949","535421188617404435","","@everyone","","","","",""
"Yamotoshi#5325","730134967769759816","","@everyone","","","","",""
"ymaeda#6452","803169267637157888","","@everyone","","","","",""
"Iori K#3087","756743660925747222","","@everyone","","","","",""
"Nori#9450","915329026904686664","","@everyone","","","","",""
"rocky_tokyo#5481","915085879100465173","","@everyone","","","","",""
"kental#4779","795954341072470016","","@everyone","","","","",""
"noopost#1171","804729264716513361","","@everyone","","","","",""
"SushiRamen#2240","739832475957854280","","@everyone","","","","",""
"kei145#2310","915331440965730374","","@everyone","","","","",""
"ikejun#8850","915091743953809458","","@everyone","","","","",""
"nao#3905","712621928522973225","","@everyone","","","","",""
"„Åü„Å´#9944","681290289364598835","","@everyone","","","","",""
"Nomu#5942","697271766112010240","","@everyone","","","","",""
"tk#2582","431092175078686722","Toshi | Fracton Ventures","@everyone","","","","","ÂíåÁµÑÔºàadminÔºâ"
"healthybanana#2031","755078296508694659","","@everyone","","","","",""
"fromasiatoasia#8571","915098440537624626","fromasiatoasia","@everyone","","","","",""
"Â±Å„Åì„Åç„Åä„Åò„Åï„Çì#0462","397087856113483786","","@everyone","","","","",""
"Daiki#6094","847586309756420128","","@everyone","","","","",""
"TtTtTt1264#5782","521683924221427712","","@everyone","","","","",""
"„ÇÑ„Åô„ÇÑ„Åô#4166","915367790465151007","","@everyone","","","","",""
"ramenjp#7851","705620337332584510","","@everyone","","","","",""
"bun#1644","915106312109559808","","@everyone","","","","",""
"yuuki#6964","321410114299101184","","@everyone","","","","",""
"KF#9498","604532880642932747","","@everyone","","","","",""
"yuya#9691","716375842107686933","","@everyone","","","","",""
"saginawa#2073","520152303286878208","","@everyone","","","","",""
"Takahiro kamiya#0444","915086923347927050","","@everyone","","","","",""
"„Åë„Çì„Åõ„ÅÑ#1174","580614486646587396","","@everyone","","","","",""
"kazuki#3589","818306478653440041","","@everyone","","","","",""
"kos#6119","910429305752920104","","@everyone","","","","",""
"PISUKE#3719","832576561042423814","","@everyone","","","","",""
"JinÔº†NO MERCY#4408","800908411504033792","","@everyone","","","","",""
"miyazaki#4957","673393211175075860","","@everyone","","","","",""
"Masashi Makino#6707","534228426173841408","","@everyone","","","","",""
"Yuta#6698","826648196376690689","","@everyone","","","","",""
"Shigure#6963","802072866614411314","","@everyone","","","","",""
"Shimpei#5982","915181066644488264","","@everyone","","","","",""
"sn#3920","728110340893835288","","@everyone","","","","",""
"Ë∂ÖÁµ∂„Éñ„É©„ÉÉ„ÇØ#6563","431127205809225728","","@everyone","","","","",""
"kato masato#5831","802501909880897536","","@everyone","","","","",""
"Kohei#6371","779154399645401139","Kohei @Rakuten USA","@everyone","","","","",""
"yosuke#9223","716841999831007272","","@everyone","","","","",""
"Hiro#0236","415857455344648192","","@everyone","","","","",""
"‰ΩêÂ≥∂Ë±ä#7983","532161437108404234","","@everyone","","","","",""
"„ÅÑ„Å£„Åó„Éº#5484","915292021885911061","","@everyone","","","","",""
"YuuyuÔºà300392Ôºâ#1442","825334365458268190","","@everyone","","","","",""
"Katii#8116","869449636102934578","","@everyone","","","","",""
"„Åó„Çì„Å∫„ÅÑ#0034","915342483574124584","","@everyone","","","","",""
"tenten_I-2C07#9009","521632807362232330","","@everyone","","","","",""
"„Åë„ÅÑ„Åü„Çç#3916","685342558603182112","","@everyone","","","","",""
"yasutake#4671","303656651951702016","","@everyone","","","","",""
"meg#6619","787597226704764928","","@everyone","","","","",""
"Kukai#6825","883323891508977684","","@everyone","","","","",""
"Hideto-„Å≤„Åß„Å®#5615","467417616240082954","","@everyone","","","","",""
"Masa#0891","915130417047277648","","@everyone","","","","",""
"tiger2021#5209","848398523681865739","","@everyone","","","","",""
"HiroHiroHiroHiro#2716","883958549535936522","","@everyone","","","","",""
"yuya#1849","397036620156502016","","@everyone","","","","",""
"yasmi#7225","388690812487073803","","@everyone","","","","",""
"kiyo#8414","837873621187559475","","@everyone","","","","",""
"readingride#5063","893779270298648607","","@everyone","","","","",""
"GSU (üëæ,üëæ)#8379","832479691952357386","","@everyone","","","","",""
"„Åä„ÅÆ„Å†„Åæ„Éº„Åó„Éº(YouTube)#7355","413518845932732427","","@everyone","","","","",""
"okada#4208","390380452055351296","","@everyone","","","","",""
"„Ç®„É¢Â§™ÈÉé 2.0#7597","466073631391219722","","@everyone","","","","",""
"MY.SKY#2379","906550713176457297","","@everyone","","","","",""
"Hii#7498","881740618982895688","","@everyone","","","","",""
"ryujino1109#3629","915130973992144907","","@everyone","","","","",""
"junyamori#4462","568308903956447242","","@everyone","","","","",""
"tei#2884","713991075965960244","","@everyone","","","","",""
"Ôº°Ôº´Ôº°Ôº§Ôº°#1788","709945233651269683","","@everyone","","","","",""
"ksk#3398","744861395782336573","","@everyone","","","","",""
"parkyqoo#2413","895633697355731004","","@everyone","","","","",""
"Shoun#9723","915261140978770081","","@everyone","","","","",""
"Sugita Masaki#6479","563344101387534367","","@everyone","","","","",""
"Ryo_Matsubara#0755","668652505818857509","","@everyone","","","","",""
"mino#4683","856489194889281557","","@everyone","","","","",""
"mina#9580","663319841020575744","","@everyone","","","","",""
"Susumu#3078","915160757665136650","","@everyone","","","","",""
"Nozomi#6773","458076679760379917","","@everyone","","","","",""
"Hiro291#9832","915157195123986472","","@everyone","","","","",""
"‰Ωé„Ç´„É≠Ë•øÊùë#9217","396918249473835011","","@everyone","","","","",""
"Tatsuto Nohara#9992","558273921829568512","","@everyone","","","","",""
"vahlimo3#1428","399159745031962636","","@everyone","","","","",""
"tommysan111#8836","836459283540869170","","@everyone","","","","",""
"daichi kunii#3195","760795216709287937","","@everyone","","","","",""
"kayashimaru#3227","810862248972910642","","@everyone","","","","",""
"norotime#1933","915133253642502144","","@everyone","","","","",""
"consome#8173","396107354682425355","","@everyone","","","","",""
"fig#1673","490893916393046026","","@everyone","","","","",""
"„Å®„ÇÇ„Å®„ÇÇ#1975","469762268377120778","","@everyone","","","","",""
"gianco#4804","905648178420924427","","@everyone","","","","",""
"taka#4946","408222982637486081","","@everyone","","","","",""
"bomber#8379","613972466678890510","","@everyone","","","","",""
"wataru#4499","415518504964325376","","@everyone","","","","",""
"zzzzz#0528","804321568418299944","","@everyone","","","","",""
"sh1n#0274","882905539426807858","","@everyone","","","","",""
"naoki0423#8267","661581729353695274","","@everyone","","","","",""
"s.horii#7504","914616500822900808","","@everyone","","","","",""
"acty#3181","915133282495115266","","@everyone","","","","",""
"korippo#6016","693319616885293107","","@everyone","","","","",""
"mikan#6990","464381976640749590","","@everyone","","","","",""
"worc#5457","804589627113603112","","@everyone","","","","",""
"MOI#8185","915212763452821515","","@everyone","","","","",""
"HamaKagOX#0053","389662074340376577","","@everyone","","","","",""
"WJ#4472","915157986685648926","","@everyone","","","","",""
"makamaka#0243","396565059221979138","","@everyone","","","","",""
"„Åã„Åöw#5758","907587566449086475","","@everyone","","","","",""
"Âá∫È≠îÂ∏Ç‰∫ú„Çø„É≠„Éº#3261","583909454081163264","BIBORG","@everyone","","","","",""
"„Åã„Çè„Å°„ÇÉ„Çì#6767","343364799977226240","","@everyone","","","","",""
"FÂ§™ÈÉé (F-TARO)#0812","815815811872194581","","@everyone","","","","",""
"shimpee#7766","452747137827209226","","@everyone","","","","",""
"Haruki Sonehara#5051","840710834082152468","","@everyone","","","","",""
"td#4299","404523103742328859","","@everyone","","","","",""
"Yasuji#5209","915102170108526642","","@everyone","","","","",""
"seitam#6114","495203343459942440","","@everyone","","","","",""
"Â§ßÁÜä#0310","831462138069385237","","@everyone","","","","",""
"lucheng#7226","833293139112361995","","@everyone","","","","",""
"kazuki#3795","521656795949694976","","@everyone","","","","",""
"Apricot#5753","415821408778846210","","@everyone","","","","",""
"hato#7371","909623639685615688","","@everyone","","","","",""
"ËÇ•Ê∫ú‰ªè#5711","540465854958141452","","@everyone","","","","",""
"joe.9#2907","895576188603473921","","@everyone","","","","",""
"SurferNogi#2844","418913898973102091","","@everyone","","","","",""
"FFf#9855","915105893769674752","","@everyone","","","","",""
"Masato#7571","783192146357911562","","@everyone","","","","",""
"shugo#8088","836524430519304251","Shugo Tsuji","@everyone","","","","","ÂíåÁµÑÔºàadminÔºâ"
"„Éï„ÇØ„ÉÄ#2258","820220568971378689","","@everyone","","","","",""
"Me3#3522","915289794492391545","","@everyone","","","","",""
"Ichimura#6057","625981235273138186","","@everyone","","","","",""
"„Åä„Åó„Çá„Éº/Ê®™‰∫ï#8693","701626331686764564","","@everyone","","","","",""
"Sena#9685","905971331609268265","","@everyone","","","","",""
"charles1#4376","594311314323669024","","@everyone","","","","",""
"sean66#4288","869345857173073990","","@everyone","","","","",""
"„ÇÑ„Å§„Åè„ÅÜ„Çì#0500","840480872687337473","","@everyone","","","","",""
"kojilow#3510","711073376759971871","","@everyone","","","","",""
"akasakasakasu#3339","303159670602989570","","@everyone","","","","",""
"Shinichi MoritaÔºàSRÔºâ#5108","481663438980907009","","@everyone","","","","",""
"illy#2639","915119730736660500","","@everyone","","","","",""
"kiyo#1275","802719892657799188","","@everyone","","","","",""
"kato-vark#5317","456754130027806721","","@everyone","","","","",""
"kinoshitay / SV#1983","424762158803320833","","@everyone","","","","",""
"Yutaro#2536","915157780581744651","","@everyone","","","","",""
"„É¶„Éã„Ç≥#7923","915012608380260433","","@everyone","","","","",""
"Yuta Saito#5868","366962238663426049","","@everyone","","","","",""
"masa#3701","867155306392190978","","@everyone","","","","",""
"taka#5856","609879604496171009","","@everyone","","","","",""
"moibb#8979","915155780024537089","","@everyone","","","","",""
"„Åò„Éº„Åà„Åô#5954","457048171122655234","","@everyone","","","","",""
"JocKinsey#0823","915044313388433439","","@everyone","","","","",""
"yasuhisa#7140","745258230862708836","","@everyone","","","","",""
"„Å∫„Å∫#5437","794271549603184742","","@everyone","","","","",""
"jiro#7566","474900970623598593","","@everyone","","","","",""
"k2#7128","915088417363226635","","@everyone","","","","",""
"lpn#6955","620081410988048404","","@everyone","","","","",""
"hiroyuki#4434","747694067948847165","Hiroyuki Tachibana","@everyone","","","","",""
"asuka#9763","915090155516334202","","@everyone","","","","",""
"yoyoshibata#7960","562805041820467211","","@everyone","","","","",""
"Sato#5563","514310098181423105","","@everyone","","","","",""
"takumi#7710","913042911040532500","","@everyone","","","","",""
"Fujin#2501","695295315271745546","","@everyone","","","","",""
"Nozomi Okuma#3226","915399755889258506","","@everyone","","","","",""
"Keiji#1957","735305327976775793","keiji ito","@everyone","","","","",""
"bambi#9759","611336268244189275","","@everyone","","","","",""
"yokurin#2559","493005389567229965","","@everyone","","","","",""
"Kanade Koketsu#5682","911279402317398057","","@everyone","","","","",""
"„Çà„ÇÇ„ÅéÂ§™ÈÉé#2176","905662177019592745","","@everyone","","","","",""
"aohiroshi#0351","832461793879916586","","@everyone","","","","",""
"yutodx#8482","404615037408378882","","@everyone","","","","",""
"Hiroyuki Okamoto#5558","850369542815088642","","@everyone","","","","",""
"shugo#0044","404619544095883264","","@everyone","","","","",""
"Kogasho#6184","521664943712632832","","@everyone","","","","",""
"kazuu#7829","645497639013449730","","@everyone","","","","",""
"TAKAMIYA#6048","744588690034130974","","@everyone","","","","",""
"ebios2000#6883","790564908705775648","","@everyone","","","","",""
"teson#1896","483117608212889600","","@everyone","","","","",""
"Roy„Çç„ÅÑ#1440","460003018213949440","","@everyone","","","","",""
"„Å°„ÇÖ„ÅÜ„Åª„Çì#8647","800712435770195999","","@everyone","","","","",""
"kollektion1976#1502","837124354642149397","","@everyone","","","","",""
"aokai#4142","674604930136408094","","@everyone","","","","",""
"tatsuya satoh#6128","883075453718523934","","@everyone","","","","",""
"6508#6234","442996412075081728","","@everyone","","","","",""
"flower0614#5045","888134539426291813","","@everyone","","","","",""
"„Çµ„ÉÑ„Ç≠#3207","827018324352565268","","@everyone","","","","",""
"hi_hachi#9319","457899247640117290","","@everyone","","","","",""
"eiji2102#0073","694537394631999518","","@everyone","","","","",""
"phong#1368","915258350667698257","","@everyone","","","","",""
"ts3486#3714","357106237868867586","","@everyone","","","","",""
"kenzo#3648","616063709126590500","","@everyone","","","","",""
"HashroomNFT#8639","899549794610073610","","@everyone","","","","",""
"hiroaki#0003","400250220111331328","","@everyone","","","","",""
"kao#8870","639261384080752660","","@everyone","","","","",""
"ame'otoko#3376","396936309584953345","","@everyone","","","","",""
"nakaya#5593","810367067035402270","","@everyone","","","","",""
"sh1mot4ku#9843","836761807972073555","","@everyone","","","","",""
"„Åù„Éº„Åü„Çç„Éº#1727","761552642799304725","","@everyone","","","","",""
"salt#5524","915389430985011270","","@everyone","","","","",""
"jpoint#6669","398698077755670529","","@everyone","","","","",""
"goseking_„Éì„Ç∏„Éç„Çπ„Éó„É≠„Éá„É•„Éº„Çµ„Éº#6908","754986355058016277","","@everyone","","","","",""
"littlemonastar#0128","338994227793100820","„Åã„Åò„ÇÇ„Å™","@everyone","","","Server Booster","","ÂíåÁµÑÔºàadminÔºâ"
"takahashi.hayato#2819","822092644636688395","","@everyone","","","","",""
"cdm#2568","809090808363352154","","@everyone","","","","",""
"tommy#0576","787672880048504832","","@everyone","","","","",""
"yuta#6880","782995114443800596","","@everyone","","","","",""
"akicosugie#2803","915253517273427998","","@everyone","","","","",""
"kiko#5371","636714254250147850","","@everyone","","","","",""
"zakizaki#0243","734645964744425512","","@everyone","","","","",""
"meta_ba_kai#4180","901660418072805438","","@everyone","","","","",""
"Yana#0119","706794483093602416","","@everyone","","","","",""
"ËæªÊùë#0999","915313768483913738","","@everyone","","","","",""
"satoshi#2417","915106477222559764","","@everyone","","","","",""
"„Åó„ÇÖ„Çì#9685","816853563740389376","","@everyone","","","","",""
"Eggparty#0084","754624503304290324","","@everyone","","","","",""
"Seiko Sugimori#2804","532482621184409611","","@everyone","","","","",""
"„Å®„Å™„Åã„ÅÑ#7132","821969387053252609","","@everyone","","","","",""
"Manabu#2899","772111610194034698","","@everyone","","","","",""
"midory#1799","915215148594114561","","@everyone","","","","",""
"„Éñ„É©„Ç¶„Éã„Éº#4545","724453668279287850","","@everyone","","","","",""
"No-HIRO#1646","765535919649325056","HIRO MATSUMOTO","@everyone","","","","",""
"fumihiro#4662","666151623877328896","","@everyone","","","","",""
"highbury#2695","915091986652987392","","@everyone","","","","",""
"kayak#5156","914172667689578556","","@everyone","","","","",""
"na#1479","324897982644486174","ÊîæÁîüÊúÉ","@everyone","","","","",""
"luna83#1163","894816420637073429","","@everyone","","","","",""
"Yukiko#2296","915336369331634196","","@everyone","","","","",""
"hannari#8154","880817702472650772","","@everyone","","","","",""
"Yuichiro#8672","915100070242832384","","@everyone","","","","",""
"Yoshi#4483","702077972617887785","","@everyone","","","","",""
"seiya#8584","909764374590259282","","@everyone","","","","",""
"Oinariiisan#8306","915144168173617213","","@everyone","","","","",""
"„Ç´„Éü„É≥„Çπ„Ç≠„Éº#7841","915271495561932901","","@everyone","","","","",""
"Shin#1225","732119720949710860","","@everyone","","","","",""
"kojiy#3551","356648251904229376","","@everyone","","","","",""
"Gou#2717","784726398278434816","","@everyone","","","","",""
"Pol#3366","823974140028780566","","@everyone","","","","",""
"taiga#4124","696310703044165643","","@everyone","","","","",""
"ËåâËéâÔºèOptomiÔºà„Åä„Å∑„Å®„ÅøÔºâ#8119","895171904799924244","","@everyone","","","","",""
"tomo#8946","528892424928362507","","@everyone","","","","",""
"Murachi#5862","847387720590295071","","@everyone","","","","",""
"amigo#2659","694009984140443726","","@everyone","","","","",""
"ampspeed#9427","392311018820468737","","@everyone","","","","",""
"bsavas#2571","352916287682248714","","@everyone","","","","",""
"koji#3505","893606952897216552","","@everyone","","","","",""
"johnextra#9685","778365942123593739","","@everyone","","","","",""
"RobinZheng#2939","857827164732129280","","@everyone","","","","",""
"yuhir#7027","915111905897631774","","@everyone","","","","",""
"riho#7847","489624124780576785","","@everyone","","","","",""
"takachan#5462","663944017964171266","","@everyone","","","","",""
"yssy_81#5757","873126875441020979","","@everyone","","","","",""
"KOFU [Thirdverse]#7350","775195019451564073","","@everyone","","","","",""
"kengo#7220","909373764972707851","","@everyone","","","","",""
"Sushi#0338","770913635740418058","","@everyone","","","","",""
"takashi#4821","521686281345040384","","@everyone","","","","",""
"chance#8572","564463203891806219","","@everyone","","","","",""
"hiro811#7162","839116163089694770","","@everyone","","","","",""
"konosuke#3527","393289099320098826","","@everyone","","","","",""
"mera_takeru#7507","443774515332513793","","@everyone","","","","",""
"GANSU789#5122","211472748977979392","","@everyone","","","","",""
"4690x#3737","828604420714397706","","@everyone","","","","",""
"„ÇÑ„Åé„Åì„Çì#4102","785027377352146954","","@everyone","","","","",""
"rs#3034","364959513700466689","","@everyone","","","","",""
"HIRO#8023","906916928931639297","","@everyone","","","","",""
"CJbb08#2472","838952230802685992","","@everyone","","","","",""
"aki_Y#7136","915091731568001025","","@everyone","","","","",""
"YSK#8956","765203961686654997","","@everyone","","","","",""
"Takumi#3884","775177067036803072","","@everyone","","","","",""
"nori#3544","915227861458231336","","@everyone","","","","",""
"Wu#1265","391502829941948426","","@everyone","","","","",""
"Riku#8099","882754852973867058","","@everyone","","","","",""
"minesandboys#6099","420266775612096522","","@everyone","","","","",""
"handgrip#9423","761983800040882176","","@everyone","","","","",""
"Bluebird#1571","907720781331591168","","@everyone","","","","",""
"tomo#9487","509814124306497537","","@everyone","","","","",""
"kingpeco#2056","406101895996899340","","@everyone","","","","",""
"„ÅÑ„Åó#6157","895647900351221811","","@everyone","","","","",""
"Reika Nishi ÔΩú Ë•ø  ÊÄúÈ¶ô#2678","714433496055283732","","@everyone","","","","",""
"atsu#4174","915120382942539847","","@everyone","","","","",""
"shota#2253","521712456624766987","","@everyone","","","","",""
"TetsuyaY#1263","775556958421778442","","@everyone","","","","",""
"masakazu.mitsugi#3635","915276729516453958","","@everyone","","","","",""
"akkiira_kb#6090","892764244515373086","","@everyone","","","","",""
"PaTRiiiCK#8230","701645964720603176","","@everyone","","","","",""
"„Çä„Çá„ÅÜ#8047","745638651668725872","","@everyone","","","","",""
"Taiko Matsui#3762","491631901392502794","","@everyone","","","","",""
"serizawa#4573","876290002865234011","","@everyone","","","","",""
"n.ryo#0940","915115815970426930","","@everyone","","","","",""
"kaiyu#3282","416304957080338432","","@everyone","","","","",""
"YKKap#2898","597453476578197518","","@everyone","","","","",""
"kmy#9484","915146119644860476","","@everyone","","","","",""
"„É§„Ç¨„Éü„É©„Ç§„Éà#5573","915155318374277160","","@everyone","","","","",""
"Shuji#2607","915189314684616704","","@everyone","","","","",""
"Êüä„ÄÇ#7926","750718953399124068","","@everyone","","","","",""
"Kensuke Kuroda#3123","915184937047584798","","@everyone","","","","",""
"nao#5560","915105851151384597","","@everyone","","","","",""
"kitasota#7596","748864124125184110","","@everyone","","","","",""
"Taiga#2231","806147110747111464","","@everyone","","","","",""
"serori#9690","285057101892550657","","@everyone","","","","",""
"SatoOzawa#5669","339706785671806976","","@everyone","","","","",""
"hirayayu#3052","847089628501639179","","@everyone","","","","",""
"Keisuke Meguro#7985","915090949577769001","","@everyone","","","","",""
"kazoo#0017","915147746263044096","","@everyone","","","","",""
"okazu#9257","390790453097791495","","@everyone","","","","",""
"„Å™„Åã„Åó„Åö#9801","873466020625539122","","@everyone","","","","",""
"Tak#2106","915087091942178877","","@everyone","","","","",""
"naka#4599","882595208603242536","","@everyone","","","","",""
"kedama#2577","915176425978494986","","@everyone","","","","",""
"dronehiroshi#9384","817331655454228481","","@everyone","","","","",""
"FloatingTheWorld#1152","581371680950190110","","@everyone","","","","",""
"willivm#8188","833382080317620255","","@everyone","","","","",""
"esui#2151","915419377929707630","","@everyone","","","","",""
"Ê≠ªËÄÖËòáÁîü„ÅÆ„Ç´„Éº„Éâ#3602","805003551377326090","","@everyone","","","","",""
"„ÇÜ„Éº„Åç„Å°#8954","915102761262125067","","@everyone","","","","",""
"tago#7526","908194784030625852","","@everyone","","","","",""
"mtn#6614","912126926645252128","","@everyone","","","","",""
"fuj11.eth‚ôë#8556","550970029772898314","","@everyone","","","","",""
"kotax#0811","915136945565347871","","@everyone","","","","",""
"zvzb#6506","705308796146286644","","@everyone","","","","",""
"ushimaru#5446","389949004370149378","","@everyone","","","","",""
"TakumiAsano | GAME#9186","444316381639344130","","@everyone","","","","",""
"„Å≤„Çà„Åì#0375","392543293004840960","","@everyone","","","","",""
"muga#5158","915273734653366314","","@everyone","","","","",""
"AraiTakao#9543","447975956087570433","","@everyone","","","","",""
"toshi(üëæ,üëæ)#7789","828177096047198269","","@everyone","","","","",""
"azuki#9833","360389546489282560","","@everyone","","","","",""
"yomo#6015","817808611568123914","","@everyone","","","","",""
"„Éí„É≠#3500","915370548194848788","","@everyone","","","","",""
"shinooory#1942","831499306107928687","","@everyone","","","","",""
"matty#7261","318016642221342731","","@everyone","","","","",""
"takayasu#3212","495900856043175942","","@everyone","","","","",""
"Skymark#5568","881933947867660288","","@everyone","","","","",""
"Hiro#1867","542303104494993409","","@everyone","","","","",""
"near#1442","577046624665337902","","@everyone","","","","",""
"„ÅØ„Åë„Çì„Åü„Çç„ÅÜ#1140","693441654253813770","","@everyone","","","","",""
"Shiho#5155","915092414727860325","","@everyone","","","","",""
"kumi#9636","421341761600880642","","@everyone","","","","",""
"TOM#7672","911137072176312330","","@everyone","","","","",""
"„Éû„Ç∞„Éç„ÉÉ„Éà_#9313","521629505345945602","","@everyone","","","","",""
"ken14#7535","842415835155005500","","@everyone","","","","",""
"monu_monuo#8585","682358172576776238","","@everyone","","","","",""
"Motoki#5099","859291052174999593","","@everyone","","","","",""
"„ÅØ„ÇÑ„Åó„Åï„Çì#5467","786106023559430184","","@everyone","","","","",""
"Ryotaro#2296","915100579779469383","","@everyone","","","","",""
"ishicoro#8411","419448499650953216","","@everyone","","","","",""
"curry#7509","724219928701436085","","@everyone","","","","",""
"tkgshn#8537","313592281510707200","","@everyone","","","","",""
"Reiziro#8031","915182995986579466","","@everyone","","","","",""
"KAYATO#5513","475195706408173568","","@everyone","","","","",""
"hayamari#7395","538209261352910858","","@everyone","","","","",""
"koji#6092","915166387243216916","","@everyone","","","","",""
"FT#2275","556971011254517760","","@everyone","","","","",""
"brandonkhill#9213","915355136849739806","","@everyone","","","","",""
"shuheeeeei#7591","707844985726304286","","@everyone","","","","",""
"rikko215#1372","781003236777000990","","@everyone","","","","",""
"suno#3347","599622486199500800","","@everyone","","","","",""
"Inaniwan#3938","324197172193001475","","@everyone","","","","",""
"Ikeda#1871","724544199231275018","","@everyone","","","","",""
"Áî∞‰∏≠Ë™†#5910","890867593928405033","","@everyone","","","","",""
"hiroh#1417","701333539723149401","","@everyone","","","","",""
"„Ç∑„Çπ„Ç≥„Éº„É≥#7319","583920658543673359","","@everyone","","","","",""
"Keigo Tanaka#9212","521666231372218372","","@everyone","","","","",""
"abinitio#0445","706986617071468585","","@everyone","","","","",""
"blank71#4917","343248106344808449","","@everyone","","","","",""
"Paji#9344","856783309165035540","","@everyone","","","","",""
"24111#9346","830629742822686760","","@everyone","","","","",""
"hachijyo#4854","390061330494914560","","@everyone","","","","",""
"Kunimoto / Fanfare#0388","856852181508685844","","@everyone","","","","",""
"takemotoakihiro#7975","761219335997358102","","@everyone","","","","",""
"1a#4857","711073733959483422","","@everyone","","","","",""
"vv3532#0937","915394846863278091","","@everyone","","","","",""
"Ayu Tanaka#2890","823811163371733023","","@everyone","","","","",""
"a y#3612","828542690982494238","","@everyone","","","","",""
"gen#2473","337889451126685701","","@everyone","","","","",""
"tatsu#5273","366309314861858816","","@everyone","","","","",""
"Yusuke#2213","915337524849807420","","@everyone","","","","",""
"hiroendo#3941","915085703350722560","","@everyone","","","","",""
"Shoka Kadoi#2299","915091212799717376","","@everyone","","","","",""
"adol#6339","894585573451399190","","@everyone","","","","",""
"agito#1271","360489828611260417","","@everyone","","","","",""
"stf#0521","842366419676823582","","@everyone","","","","",""
"Y-3#7057","903100920483688549","","@everyone","","","","",""
"itoyohei#3640","639013660559409152","","@everyone","","","","",""
"soko#9957","847848201503506432","","@everyone","","","","",""
"kubotamas#2647","712428379399389204","","@everyone","","","","",""
"taro#7908","817027420565405726","","@everyone","","","","",""
"Ask#5791","782393585374199828","","@everyone","","","","",""
"„Åã„Åö#2579","578295271159496714","","@everyone","","","","",""
"KEIJI#4263","900988547140562975","","@everyone","","","","",""
"koshi#0273","755958781526933614","","@everyone","","","","",""
"gumijawa#6679","915224959658393630","","@everyone","","","","",""
"sato#9284","836249006153400321","","@everyone","","","","",""
"„Åï„ÅÑ„Å°„ÇÉ„Çì#5486","915130634534551582","","@everyone","","","","",""
"ShunP#6805","389989859172810773","","@everyone","","","","",""
"Kanady#0212","694496619558600714","","@everyone","","","","",""
"kenty779#9602","910981922174427146","","@everyone","","","","",""
"secession_PoC#3557","914037592071229460","","@everyone","","","","",""
"kenjit#5200","915409155370676315","","@everyone","","","","",""
"Á•ûÔ®ëÈô∏ÔΩúPantrii#0047","776323028010532884","","@everyone","","","","",""
"SimonJP#5948","464781681102946307","","@everyone","","","","",""
"georgesekkie#8878","700246962016092160","","@everyone","","","","",""
"ryu#1989","915101969591435264","","@everyone","","","","",""
"xiaoha#7090","601235734430744601","","@everyone","","","","",""
"knj0302#0920","763399205607702569","","@everyone","","","","",""
"masayatakagi#3899","395881285131960321","","@everyone","","","","",""
"chiaki#9072","389608469176778753","","@everyone","","","","",""
"nobutora#8658","748169021207216188","","@everyone","","","","",""
"fanta#2807","616169123516383243","","@everyone","","","","",""
"yusuke horie#4998","803522839445635092","","@everyone","","","","",""
"Takumi | Kyuzan#3193","479869162626482226","","@everyone","","","","",""
"tsuka#2878","915102262240608266","","@everyone","","","","",""
"eisuke#3118","788631547879358495","Eisuke Hirata","@everyone","","","","","ÂíåÁµÑÔºàadminÔºâ"
"shinzizm#0757","711784505974849557","","@everyone","","","","",""
"DJ RIO#5356","406315579402747907","","@everyone","","","","",""
"cnmg#5358","893381603294867496","","@everyone","","","","",""
"hkunimitsu#8556","422991250099142656","","@everyone","","","","",""
"Sota | Astar (prev-Plasm)#6649","475184093840015370","","@everyone","","","","",""
"t_#7444","326584944279420930","","@everyone","","","","",""
"usao#8313","915227597057704006","","@everyone","","","","",""
"„ÇÅ„Åå„Å≠#4921","811080542962843698","","@everyone","","","","",""
"sahho#3631","404950686652956672","","@everyone","","","","",""
"yamato#9613","909807099054264400","","@everyone","","","","",""
"Rivers#5634","142054638479212545","","@everyone","","","","",""
"Shuya Yamazaki#1986","757216122444709968","","@everyone","","","","",""
"Hide#5684","915234626354688000","","@everyone","","","","",""
"amandaumezono#1577","905972513484468277","","@everyone","","","","",""
"jl2vm#3131","889712589934854166","","@everyone","","","","",""
"Takayuki#1653","705088383084658740","","@everyone","","","","",""
"kujira#8305","900034835609972816","","@everyone","","","","",""
"„ÅÇ„Åäüíé#8774","487617594954612737","","@everyone","","","","",""
"Hiroki-Holotch(CEO)#0717","751033293276840013","","@everyone","","","","",""
"bow#3080","915126976694587403","","@everyone","","","","",""
"isamu#3445","538142979555065866","","@everyone","","","","",""
"„Åä„Éº„Å´„ÇÉ„Éº#4158","474585969127981086","","@everyone","","","","",""
"Akihiko Tsujimura#6838","787216349771726858","","@everyone","","","","",""
"tsutsuken#5177","316832479220727808","","@everyone","","","","",""
"Kentaro Hayashi#1049","882131586521387038","","@everyone","","","","",""
"kimymt.eth#0520","701379379678150746","","@everyone","","","","",""
"tokinosh#8506","750371169504460881","","@everyone","","","","",""
"„Åì„ÅÜ#5471","828029958537478166","","@everyone","","","","",""
"Emika#7211","915404282197594164","","@everyone","","","","",""
"tak#2682","235980638958649347","","@everyone","","","","",""
"Luin Aozora / VTuber#3208","869081440531386378","","@everyone","","","","",""
"Â¢ÉÊΩ§‰πü#7441","892337899348058114","","@everyone","","","","",""
"Taka#9010","915093346412822561","","@everyone","","","","",""
"sha2mu2#6288","915322274108817438","","@everyone","","","","",""
"monkeys#5528","607709648203808769","","@everyone","","","","",""
"ken809#9066","915145235431030784","","@everyone","","","","",""
"myu#3782","754648102303957003","","@everyone","","","","",""
"nobi„Äñüè∞ ,üè∞„Äó#2651","577092276480638976","","@everyone","","","","",""
"ossam#7936","468664601819480076","","@everyone","","","","",""
"„Åü„Åç„Åü„Åç#9977","915384054193483806","","@everyone","","","","",""
"atsuatsu2020#0714","426681386800381952","","@everyone","","","","",""
"riku#0495","798864985044287510","","@everyone","","","","",""
"kaitoo#2312","835789261021904897","","@everyone","","","","",""
"Yudai l Fracton Ventures#3699","707021562980859915","Yudai | Fracton Venturesü¶áüîä","@everyone","","","","","ÂíåÁµÑÔºàadminÔºâ"
"girafferz#3768","245835139647537152","","@everyone","","","","",""
"Hayatti#3088","582921993452519424","","@everyone","","","","",""
"Suguru#4795","915386360846762056","","@everyone","","","","",""
"makiwo#3864","915225356942848040","","@everyone","","","","",""
"„Çå„ÇÇ„Çì#5588","878798130009735169","","@everyone","","","","",""
"kaori#1166","755080771219488870","","@everyone","","","","",""
"Keisuke Nakagawa#3482","853849961016197150","","@everyone","","","","",""
"Thomas5884#8890","722678732766314499","Taiga Kobayashi","@everyone","","","","","ÂíåÁµÑÔºàadminÔºâ"
"Yusuke#2238","915086598322929684","","@everyone","","","","",""
"Hiromi Ouchi#6818","770821868256493578","","@everyone","","","","",""
"„Éã„ÉÉ„ÇØ#3619","637472869064114186","","@everyone","","","","",""
"Kubota#9100","370198393592479755","","@everyone","","","","",""
"sunny#7116","342169225672261634","","@everyone","","","","",""
"mekezzo#8035","652574856067547138","","@everyone","","","","",""
"kaz_mizuno#3043","401350719598231563","","@everyone","","","","",""
"yamato#5832","672385364987609089","","@everyone","","","","",""
"3100#7350","903532338783346728","","@everyone","","","","",""
"Mori#9229","915088489165508668","","@everyone","","","","",""
"„Åô„Åè„ÅÑ„Å©#3526","871315880129200128","","@everyone","","","","",""
"Kentaro#0775","915025725332004915","","@everyone","","","","",""
"xis_1018#1664","798400615189315634","","@everyone","","","","",""
"shoda#1705","385614413597638656","","@everyone","","","","",""
"Ryohei#8960","915345436242489359","","@everyone","","","","",""
"skyisbrown#2739","443936532307640342","","@everyone","","","","",""
"Ê≥•ÊùéÊ∏ìÈÖ¢#9457","394660823722754048","","@everyone","","","","",""
"yenwen | perp.fi#1736","407789930656563211","","@everyone","","","","",""
"Kotaro Yamazaki#4369","695549384217329674","","@everyone","","","","",""
"„ÇÑ„ÅæD#1566","631489456528162841","","@everyone","","","","",""
"Ê∞∏Êà∏ËÄÉ#3338","876767283001847818","","@everyone","","","","",""
"TOMO#8790","749792378793099285","","@everyone","","","","",""
"hansora#5375","694860647577681970","","@everyone","","","","",""
"Tsuji#3835","443308143171338241","","@everyone","","","","",""
"Kyrie#3233","169338483784155136","","@everyone","","","","",""
"nnnnnnnnnnn#3483","633642802563252225","","@everyone","","","","",""
"dot2111.eth#9085","813700192133316638","Kazuhito Azechi","@everyone","","","","",""
"Tigerrr/satotai#9460","877816562751520829","","@everyone","","","","",""
"ÊûóÂ§™ÈÉé#9718","787016739677929492","","@everyone","","","","",""
"Sotaro#0269","915336646008905799","","@everyone","","","","",""
"razokulover#9412","600640499916734464","","@everyone","","","","",""
"Leon Kaneko#6951","766268305660051476","","@everyone","","","","",""
"yukihigasi#6209","915161695683489822","","@everyone","","","","",""
"naoto77#9497","915092423712051242","","@everyone","","","","",""
"Kazu Âíå‰πü#9507","482279371256627204","","@everyone","","","","",""
"soyamagic#4256","372309028870553600","","@everyone","","","","",""
"ZaK3939#7149","738191376495280212","","@everyone","","","","",""
"t705015#5242","890799636737065001","","@everyone","","","","",""
"P„É™„Ç∫„É†#0708","446923220768260096","","@everyone","","","","",""
"hiyocoin#2879","863570404177608705","","@everyone","","","","",""
"keitamu#7632","841468193403174912","","@everyone","","","","",""
"nofx#4284","808889039369273344","","@everyone","","","","",""
"Yu-#9294","915408314685345804","","@everyone","","","","",""
"Koya#3440","882738725132578949","","@everyone","","","","",""
"ryfp#9214","378896867066642437","","@everyone","","","","",""
"KuriManjuu#0573","795979670817996812","","@everyone","","","","",""
"ank#2433","753106467418275931","","@everyone","","","","",""
"tak#2242","915134030058504202","","@everyone","","","","",""
"keysket#6785","257445680769925121","","@everyone","","","","",""
"okz#3483","696595931994521623","","@everyone","","","","",""
"„ÅΩ„ÇìÂ§™#1685","807456721249239040","","@everyone","","","","",""
"takedajs#3823","371098720273563660","","@everyone","","","","",""
"Pochi#0178","899975520152862740","","@everyone","","","","",""
"„Å∞„Çâ#2731","836920774177587240","","@everyone","","","","",""
"whitezombie_555#5442","708256998608732231","","@everyone","","","","",""
"Taichi Obara#7158","721294431050793000","","@everyone","","","","",""
"mahiiiki#4286","694508522314137660","","@everyone","","","","",""
"Kitajima Kosuke#9453","915431831166414959","","@everyone","","","","",""
"Kaz#2741","694440766008983593","","@everyone","","","","",""
"pizzaman#2836","705405901296894002","","@everyone","","","","",""
"Suguri#3048","893424786854780938","","@everyone","","","","",""
"takahira#7249","648079115483742211","","@everyone","","","","",""
"FAT#6121","391883878677217302","","@everyone","","","","",""
"shota#2364","733618240714178621","","@everyone","","","","",""
"tai#3973","323449554022432770","akira","@everyone","","","","",""
"Shota#6884","915114789385158686","","@everyone","","","","",""
"Yasumasa Kano#6557","758130712200609812","","@everyone","","","","",""
"Panda369#2458","915443184753070130","","@everyone","","","","",""
"„Ç¥„Éº„É´„ÉâÂ•≥Á•û#2503","794062610903334932","","@everyone","","","","",""
"Hirox#7899","895920784340549684","","@everyone","","","","",""
